source_file,position,title,link,source,date,snippet,thumbnail,content,category
Venice_corriere.it.csv,3,Venice prepares to close off streets and divert cruise ships,https://www.corriere.it/english/18_aprile_26/venice-prepares-to-close-off-streets-and-divert-cruise-ships-8c63f780-495a-11e8-91c2-712f6a8efc34.shtml,"{'name': 'Corriere della Sera', 'icon': 'https://encrypted-tbn2.gstatic.com/faviconV2?url=https://www.corriere.it&client=NEWS_360&size=96&type=FAVICON&fallback_opts=TYPE,SIZE,URL', 'authors': ['Francesco Bottazzo']}","04/26/2018, 07:00 AM, +0000 UTC",,https://images2.corriereobjects.it/methode_image/socialshare/2018/04/26/d4adf080-495b-11e8-91c2-712f6a8efc34.jpg,,"Public space life, Nature & environment"
Venice_corriere.it.csv,33,"Ryanair CEO: “More airlines in Europe will soon go bust. EasyJet will be broken up, Wizz Air has no future”",https://www.corriere.it/economia/trasporti/aerei/25_settembre_30/ryanair-ceo-more-airlines-in-europe-will-soon-go-bust-easyjet-will-be-broken-up-wizz-air-has-no-future-da8d41df-b833-4fb7-965f-10dd57a5exlk.shtml,"{'name': 'Corriere della Sera', 'icon': 'https://encrypted-tbn2.gstatic.com/faviconV2?url=https://www.corriere.it&client=NEWS_360&size=96&type=FAVICON&fallback_opts=TYPE,SIZE,URL', 'authors': ['Leonard Berberi']}","09/30/2025, 07:00 AM, +0000 UTC",,https://dimages2.corriereobjects.it/files/og_thumbnail/files/fp/uploads/2024/02/06/65c26ce39ac08.r_d.1111-1814-0.jpeg,,Nature & environment
Venice_corriere.it.csv,41,"Wizz Air CEO: “Back to growth, we'll be the second airline in Italy and we are ready for a price war with Ryanair”",https://www.corriere.it/economia/trasporti/aerei/25_dicembre_07/wizz-air-ceo-back-to-growth-we-ll-be-the-second-airline-in-italy-and-we-are-ready-for-a-price-war-with-ryanair-013634ff-8578-4659-a99d-4824ffe7fxlk.shtml,"{'name': 'Corriere della Sera', 'icon': 'https://encrypted-tbn2.gstatic.com/faviconV2?url=https://www.corriere.it&client=NEWS_360&size=96&type=FAVICON&fallback_opts=TYPE,SIZE,URL', 'authors': ['Leonard Berberi']}","12/07/2025, 11:21 AM, +0000 UTC",,https://dimages2.corriereobjects.it/files/og_thumbnail/uploads/2025/12/05/69328e7fb508c.jpeg,,Nature & environment
Venice_corriere.it.csv,42,Expo Tree Plagiarism Charge,https://www.corriere.it/english/14_dicembre_03/expo-tree-plagiarism-charge-6b602254-7ae9-11e4-825c-8af4d2bb568e.shtml,"{'name': 'Corriere della Sera', 'icon': 'https://encrypted-tbn2.gstatic.com/faviconV2?url=https://www.corriere.it&client=NEWS_360&size=96&type=FAVICON&fallback_opts=TYPE,SIZE,URL'}","06/07/2018, 10:17 PM, +0000 UTC",,http://images2.corriereobjects.it/methode_image/socialshare/2014/12/03/b2edc6f2-7aea-11e4-825c-8af4d2bb568e.jpg,,Nature & environment
Venice_corriere.it.csv,48,Ita Airways narrows losses despite engine woes and grounded jets: CEO Eberhart eyes break-even by end 2025,https://www.corriere.it/economia/trasporti/aerei/25_settembre_21/ita-airways-narrows-losses-despite-engine-woes-and-grounded-jets-ceo-eberhart-eyes-break-even-by-end-2025-2fe78489-aec3-4b26-b82b-10ab1c3dfxlk.shtml,"{'name': 'Corriere della Sera', 'icon': 'https://encrypted-tbn2.gstatic.com/faviconV2?url=https://www.corriere.it&client=NEWS_360&size=96&type=FAVICON&fallback_opts=TYPE,SIZE,URL', 'authors': ['Leonard Berberi']}","09/21/2025, 05:05 AM, +0000 UTC",,https://dimages2.corriereobjects.it/files/og_thumbnail/uploads/2025/09/18/68cbe0ecd136f.jpeg,,"Culture & heritage, Nature & environment"
Venice_corriere.it.csv,55,New routes and more efficiency: Eberhart eyes sustainable profit for Ita Airways amid legacy and reform,https://www.corriere.it/economia/trasporti/aerei/25_maggio_11/new-routes-and-more-efficiency-eberhart-eyes-sustainable-profit-for-ita-airways-amid-legacy-and-reform-b4eb8c03-8f77-44fe-8195-53a9317f6xlk.shtml,"{'name': 'Corriere della Sera', 'icon': 'https://encrypted-tbn2.gstatic.com/faviconV2?url=https://www.corriere.it&client=NEWS_360&size=96&type=FAVICON&fallback_opts=TYPE,SIZE,URL', 'authors': ['Leonard Berberi']}","05/11/2025, 07:00 AM, +0000 UTC",,https://dimages2.corriereobjects.it/files/og_thumbnail/uploads/2025/05/10/681f86eb9dc43.jpeg,,"Culture & heritage, Nature & environment"
Venice_corriere.it.csv,60,Ita Airways plans over a dozen new long-haul routes to boost profitability,https://www.corriere.it/economia/trasporti/aerei/25_giugno_06/ita-airways-plans-over-a-dozen-new-long-haul-routes-to-boost-profitability-cb9314bc-371a-4bbf-a3fc-e0c2f14a9xlk.shtml,"{'name': 'Corriere della Sera', 'icon': 'https://encrypted-tbn2.gstatic.com/faviconV2?url=https://www.corriere.it&client=NEWS_360&size=96&type=FAVICON&fallback_opts=TYPE,SIZE,URL', 'authors': ['Leonard Berberi']}","06/06/2025, 07:00 AM, +0000 UTC",,https://dimages2.corriereobjects.it/files/og_thumbnail/uploads/2025/06/05/6841ec0500215.jpeg,,Nature & environment
Venice_corriere.it.csv,64,Mundys mulls majority stake in London City and Catania airports,https://www.corriere.it/economia/trasporti/aerei/25_marzo_30/mundys-mulls-majority-stake-in-london-city-and-catania-airports-ddf7312f-8c6e-4ee0-bd42-3bed0672exlk.shtml,"{'name': 'Corriere della Sera', 'icon': 'https://encrypted-tbn2.gstatic.com/faviconV2?url=https://www.corriere.it&client=NEWS_360&size=96&type=FAVICON&fallback_opts=TYPE,SIZE,URL', 'authors': ['Leonard Berberi']}","03/30/2025, 07:00 AM, +0000 UTC",,https://dimages2.corriereobjects.it/files/og_thumbnail/files/fp/uploads/2025/03/29/67e847ab22a74.r_d.2944-1525-0.jpeg,,Nature & environment
Venice_corriere.it.csv,68,Rome Fiumicino Airport's expansion plan faces delays amid growing passenger traffic,https://www.corriere.it/economia/trasporti/aerei/25_marzo_02/rome-fiumicino-airport-s-expansion-plan-faces-delays-amid-growing-passenger-traffic-3345efef-f219-458d-b5d1-d51361c0exlk.shtml,"{'name': 'Corriere della Sera', 'icon': 'https://encrypted-tbn2.gstatic.com/faviconV2?url=https://www.corriere.it&client=NEWS_360&size=96&type=FAVICON&fallback_opts=TYPE,SIZE,URL', 'authors': ['Leonard Berberi']}","03/02/2025, 08:00 AM, +0000 UTC",,https://dimages2.corriereobjects.it/files/og_thumbnail/files/fp/uploads/2025/03/02/67c47be29436e.r_d.1138-835-0.jpeg,,Nature & environment
Venice_corriere.it.csv,70,Weather forecast in Rome,https://meteo.corriere.it/italia/lazio/roma/,"{'name': 'Corriere della Sera', 'icon': 'https://encrypted-tbn1.gstatic.com/faviconV2?url=https://meteo.corriere.it&client=NEWS_360&size=96&type=FAVICON&fallback_opts=TYPE,SIZE,URL'}","03/23/2018, 04:53 AM, +0000 UTC",,,,Nature & environment
Venice_corriere.it.csv,71,"Bologna weather: today, tomorrow, forecast",https://meteo.corriere.it/italia/emilia-romagna/bologna/,"{'name': 'Corriere della Sera', 'icon': 'https://encrypted-tbn1.gstatic.com/faviconV2?url=https://meteo.corriere.it&client=NEWS_360&size=96&type=FAVICON&fallback_opts=TYPE,SIZE,URL'}","03/23/2018, 03:11 PM, +0000 UTC",,,,Nature & environment
Venice_ansait.csv,18,"Eu report:Italia, Slovenia, Albania exposed to dengue fever risk",https://www.ansa.it/nuova_europa/en/news/sections/science/2024/03/14/eu-reportitalia-slovenia-albania-exposed-to-dengue-fever-risk_e879ed40-101d-4cce-b56e-ffa60c6b7d89.html,"{'name': 'ANSA', 'icon': 'https://encrypted-tbn3.gstatic.com/faviconV2?url=https://www.ansa.it&client=NEWS_360&size=96&type=FAVICON&fallback_opts=TYPE,SIZE,URL'}","03/14/2024, 07:00 AM, +0000 UTC",,https://www.ansa.it/webimages/img_700/2024/3/14/97a5573be90ac5fb7cb8f7338fb85ae6.jpg,,Nature & environment
Venice_ansait.csv,34,Italy and Slovenia join forces for climate-resilient viticulture,https://www.ansa.it/nuova_europa/en/news/sections/news/2025/11/26/italy-and-slovenia-join-forces-for-climate-resilient-viticulture_de8f1e14-23a5-4654-b288-cf3c3a4f6afc.html,"{'name': 'ANSA', 'icon': 'https://encrypted-tbn3.gstatic.com/faviconV2?url=https://www.ansa.it&client=NEWS_360&size=96&type=FAVICON&fallback_opts=TYPE,SIZE,URL'}","11/26/2025, 04:22 PM, +0000 UTC",,https://www.ansa.it/webimages/img_700/2025/11/26/7fa0e0f2469bfe88122c371b5b0deec9.jpg,,"Culture & heritage, Nature & environment"
Venice_ansait.csv,40,"Preserving EU-Kiev interests: Merz, Macron, Starmer,Zelensky",https://www.ansa.it/nuova_europa/en/news/sections/news/2025/11/21/preserving-eu-kiev-interests-merz-macron-starmerzelensky_6ae768a0-8a98-4f82-a097-fac3fa73b8dc.html,"{'name': 'ANSA', 'icon': 'https://encrypted-tbn3.gstatic.com/faviconV2?url=https://www.ansa.it&client=NEWS_360&size=96&type=FAVICON&fallback_opts=TYPE,SIZE,URL'}","11/21/2025, 08:00 AM, +0000 UTC",,https://www.ansa.it/webimages/img_700/2025/11/18/bf566ad9f50f99b10ed27c213511cbe0.jpg,,Nature & environment
Venice_ansait.csv,44,Severe weather expected over the weekend,https://www.ansa.it/english/news/general_news/2025/11/12/severe-weather-expected-over-the-weekend_63140b08-516c-4c55-af53-ea4c025e7862.html,"{'name': 'ANSA', 'icon': 'https://encrypted-tbn3.gstatic.com/faviconV2?url=https://www.ansa.it&client=NEWS_360&size=96&type=FAVICON&fallback_opts=TYPE,SIZE,URL'}","11/12/2025, 08:00 AM, +0000 UTC",,https://www.ansa.it/webimages/img_700/2025/11/12/e0d232daf59fe33204ba95314ba39975.jpg,,Nature & environment
Venice_ansait.csv,60,Italy and Slovenia join forces for climate-resilient viticulture,https://www.ansa.it/nuova_europa/en/news/sections/business/2025/11/26/italy-and-slovenia-join-forces-for-climate-resilient-viticulture_23f0b0f9-0b6c-4b63-8535-7a2e13af170e.html,"{'name': 'ANSA', 'icon': 'https://encrypted-tbn3.gstatic.com/faviconV2?url=https://www.ansa.it&client=NEWS_360&size=96&type=FAVICON&fallback_opts=TYPE,SIZE,URL'}","11/26/2025, 08:00 AM, +0000 UTC",,https://www.ansa.it/webimages/img_700/2025/11/26/7fa0e0f2469bfe88122c371b5b0deec9.jpg,,"Culture & heritage, Nature & environment"
Venice_ansait.csv,84,Italy and Slovenia join forces for climate-resilient viticulture,https://www.ansa.it/nuova_europa/en/news/countries/slovenia/2025/11/26/italy-and-slovenia-join-forces-for-climate-resilient-viticulture_f911b8f5-48b8-4ccb-94ac-7cf655430bcc.html,"{'name': 'ANSA', 'icon': 'https://encrypted-tbn3.gstatic.com/faviconV2?url=https://www.ansa.it&client=NEWS_360&size=96&type=FAVICON&fallback_opts=TYPE,SIZE,URL'}","11/26/2025, 08:00 AM, +0000 UTC",,https://www.ansa.it/webimages/img_700/2025/11/26/7fa0e0f2469bfe88122c371b5b0deec9.jpg,,"Culture & heritage, Nature & environment"
Venice_ilfattoquotidianoit.csv,8,"Coronavirus, carceri in rivolta: 12 vittime. Nuovi disordini in alcuni penitenziari",https://www.ilfattoquotidiano.it/2020/03/10/coronavirus-carceri-in-rivolta-altri-3-detenuti-morti-a-rieti-nuove-proteste-a-siracusa-e-caserta-a-foggia-evasione-di-massa-23-ricercati-la-procura-di-milano-apre-inchiesta-sulla-sommossa-a-san/5730183/,"{'name': 'Il Fatto Quotidiano', 'icon': 'https://encrypted-tbn2.gstatic.com/faviconV2?url=https://www.ilfattoquotidiano.it&client=NEWS_360&size=96&type=FAVICON&fallback_opts=TYPE,SIZE,URL'}","03/10/2020, 07:00 AM, +0000 UTC",,https://st.ilfattoquotidiano.it/wp-content/uploads/2020/03/09/11181013_large-630x420.jpg,,Nature & environment
Venice_ilfattoquotidianoit.csv,22,"Casalecchio di Reno, 25 anni fa la strage della II A del Salvemini. Dodici morti, 88 feriti, nessun colpevole",https://www.ilfattoquotidiano.it/2015/12/06/casalecchio-di-reno-25-anni-fa-la-strage-della-ii-a-del-salvemini-dodici-morti-88-feriti-nessun-colpevole/2281738/,"{'name': 'Il Fatto Quotidiano', 'icon': 'https://encrypted-tbn2.gstatic.com/faviconV2?url=https://www.ilfattoquotidiano.it&client=NEWS_360&size=96&type=FAVICON&fallback_opts=TYPE,SIZE,URL', 'authors': ['David Marceddu']}","12/06/2015, 08:00 AM, +0000 UTC",,,,Nature & environment
Venice_ilfattoquotidianoit.csv,26,"Olimpiadi Milano-Cortina 2026, pubblicato l’elenco delle opere da realizzare: ecco quanto si spenderà…",https://www.ilfattoquotidiano.it/2022/08/16/olimpiadi-milano-cortina-2026-pubblicato-lelenco-delle-opere-da-realizzare-ecco-quanto-si-spendera-e-come/6762869/,"{'name': 'Il Fatto Quotidiano', 'icon': 'https://encrypted-tbn2.gstatic.com/faviconV2?url=https://www.ilfattoquotidiano.it&client=NEWS_360&size=96&type=FAVICON&fallback_opts=TYPE,SIZE,URL', 'authors': ['Giuseppe Pietrobelli']}","08/16/2022, 07:00 AM, +0000 UTC",,https://st.ilfattoquotidiano.it/wp-content/uploads/2022/08/15/olimpiadi-milano-cortina-2.jpg,,Nature & environment
Venice_ilfattoquotidianoit.csv,28,"Gaza, il ministro Ben-Gvir minaccia la Sumud Flotilla: ""Li tratteremo come terroristi"". Kallas: “Riconoscimento Palestina aiuta soluzione due Stati”",https://www.ilfattoquotidiano.it/live-post/2025/09/01/gaza-israele-ben-gvir-minaccia-sumud-flotilla-terroristi-morti-palestina-notizie-oggi/8110739/,"{'name': 'Il Fatto Quotidiano', 'icon': 'https://encrypted-tbn2.gstatic.com/faviconV2?url=https://www.ilfattoquotidiano.it&client=NEWS_360&size=96&type=FAVICON&fallback_opts=TYPE,SIZE,URL'}","09/01/2025, 07:00 AM, +0000 UTC",,,,Nature & environment
Venice_ilfattoquotidianoit.csv,34,“M5s primo partito in Sicilia”: il sondaggio che ribalta i rapporti di forza col Pd,https://www.ilfattoquotidiano.it/2022/03/28/m5s-primo-partito-in-sicilia-il-sondaggio-che-ribalta-i-rapporti-di-forza-col-pd-conte-da-il-via-libera-a-miceli-candidato-sindaco-a-palermo/6539513/,"{'name': 'Il Fatto Quotidiano', 'icon': 'https://encrypted-tbn2.gstatic.com/faviconV2?url=https://www.ilfattoquotidiano.it&client=NEWS_360&size=96&type=FAVICON&fallback_opts=TYPE,SIZE,URL', 'authors': ['Manuela Modica']}","03/28/2022, 07:00 AM, +0000 UTC",,https://st.ilfattoquotidiano.it/wp-content/uploads/2022/03/28/sondaggiosicilia.jpg,,"Culture & heritage, Nature & environment"
Venice_ilfattoquotidianoit.csv,45,"""Ho avuto paura di morire"": urla e panico in volo per le forti turbolenze. L'aereo viene dirottato per il maltempo - VIDEO",https://www.ilfattoquotidiano.it/2025/08/21/ho-avuto-paura-di-morire-urla-e-panico-in-volo-per-le-forti-turbolenze-laereo-viene-dirottato-per-il-maltempo-video/8100925/,"{'name': 'Il Fatto Quotidiano', 'icon': 'https://encrypted-tbn2.gstatic.com/faviconV2?url=https://www.ilfattoquotidiano.it&client=NEWS_360&size=96&type=FAVICON&fallback_opts=TYPE,SIZE,URL'}","08/21/2025, 07:00 AM, +0000 UTC",,https://st.ilfattoquotidiano.it/wp-content/uploads/2025/08/21/Volo-Alicante-Roma-dirottato-a-Bologna.jpg,,Nature & environment
Venice_ilfattoquotidianoit.csv,46,"Muti: ""Il mio concerto per Agrigento in tv all'una di notte, come a lavarsi la coscienza""",https://www.ilfattoquotidiano.it/2025/09/25/il-mio-concerto-per-agrigento-capitale-della-cultura-in-tv-e-andato-alluna-di-notte-come-se-ci-volesse-lavare-la-coscienza-lo-sfogo-del-maestro-riccardo-muti/8138586/,"{'name': 'Il Fatto Quotidiano', 'icon': 'https://encrypted-tbn2.gstatic.com/faviconV2?url=https://www.ilfattoquotidiano.it&client=NEWS_360&size=96&type=FAVICON&fallback_opts=TYPE,SIZE,URL'}","09/25/2025, 07:00 AM, +0000 UTC",,https://st.ilfattoquotidiano.it/wp-content/uploads/2014/12/riccardo-muti-675.jpg,,"Nature & environment, Events, Architecture"
Venice_bbccom.csv,25,"Venice floods: Climate change behind highest tide in 50 years, says mayor",https://www.bbc.com/news/world-europe-50401308,"{'name': 'BBC', 'icon': 'https://encrypted-tbn2.gstatic.com/faviconV2?url=https://www.bbc.com&client=NEWS_360&size=96&type=FAVICON&fallback_opts=TYPE,SIZE,URL'}","11/13/2019, 08:00 AM, +0000 UTC",,https://ichef.bbci.co.uk/news/1024/branded_news/11A02/production/_109649127_hi057967441.jpg,,"Water & mobility, Nature & environment"
Venice_bbccom.csv,26,Venice residents in environmental protest against first post-Covid cruise ship,https://www.bbc.com/news/av/world-europe-57373381,"{'name': 'BBC', 'icon': 'https://encrypted-tbn2.gstatic.com/faviconV2?url=https://www.bbc.com&client=NEWS_360&size=96&type=FAVICON&fallback_opts=TYPE,SIZE,URL'}","06/05/2021, 07:00 AM, +0000 UTC",,https://ichef.bbci.co.uk/images/ic/1920x1080/p09kpnts.jpg,,Nature & environment
Venice_bbccom.csv,96,Huge sinkhole appears in Italy hospital car park,https://www.bbc.com/news/av/world-europe-55589140,"{'name': 'BBC', 'icon': 'https://encrypted-tbn2.gstatic.com/faviconV2?url=https://www.bbc.com&client=NEWS_360&size=96&type=FAVICON&fallback_opts=TYPE,SIZE,URL'}","01/08/2021, 08:00 AM, +0000 UTC",,https://ichef.bbci.co.uk/images/ic/400xn/p093gb88.jpg,,Nature & environment
Venice_theguardiancom.csv,20,Flooding in Venice - in pictures,https://www.theguardian.com/weather/gallery/2019/nov/13/flooding-in-venice-in-pictures,"{'name': 'The Guardian', 'icon': 'https://encrypted-tbn0.gstatic.com/faviconV2?url=https://www.theguardian.com&client=NEWS_360&size=96&type=FAVICON&fallback_opts=TYPE,SIZE,URL'}","11/13/2019, 08:00 AM, +0000 UTC",,https://i.guim.co.uk/img/media/837affed58d176863a6de9f8a80107f6731922c4/563_530_4540_2724/master/4540.jpg?width=480&dpr=1&s=none&crop=none,,Nature & environment
Venice_theguardiancom.csv,24,‘Recipe for disaster’: Venice entry fee sparks confusion and protest on day one,https://www.theguardian.com/world/2024/apr/25/confusion-protests-first-day-venice-tourist-charge,"{'name': 'The Guardian', 'icon': 'https://encrypted-tbn0.gstatic.com/faviconV2?url=https://www.theguardian.com&client=NEWS_360&size=96&type=FAVICON&fallback_opts=TYPE,SIZE,URL', 'authors': ['Angela Giuffrida']}","04/25/2024, 07:00 AM, +0000 UTC",,https://i.guim.co.uk/img/media/c00ba32a387c4529fb297167860a3e63836d5225/0_546_5500_3094/5500.jpg?width=465&dpr=1&s=none&crop=none,,"Tourism, Nature & environment"
Venice_theguardiancom.csv,54,Venice council flooded moments after rejecting climate crisis plan,https://www.theguardian.com/world/2019/nov/15/venice-council-flooded-moments-after-rejecting-climate-crisis-plan,"{'name': 'The Guardian', 'icon': 'https://encrypted-tbn0.gstatic.com/faviconV2?url=https://www.theguardian.com&client=NEWS_360&size=96&type=FAVICON&fallback_opts=TYPE,SIZE,URL', 'authors': ['Angela Giuffrida']}","11/15/2019, 08:00 AM, +0000 UTC",,https://i.guim.co.uk/img/media/eee7e7ae1ee58de93188d33e7ee98bec50ec4a20/163_55_2603_1464/2603.jpg?width=465&dpr=1&s=none&crop=none,,Nature & environment
Venice_theguardiancom.csv,58,"Venice port expansion threatens city, environmentalists warn",https://www.theguardian.com/world/2009/sep/07/venice-port-peril-sea,"{'name': 'The Guardian', 'icon': 'https://encrypted-tbn0.gstatic.com/faviconV2?url=https://www.theguardian.com&client=NEWS_360&size=96&type=FAVICON&fallback_opts=TYPE,SIZE,URL'}","09/07/2009, 07:00 AM, +0000 UTC",,https://i.guim.co.uk/img/static/sys-images/Guardian/Pix/pixies/2009/2/28/1235861108613/Venice-Italy-001.jpg?width=465&dpr=1&s=none&crop=none,,Nature & environment
Venice_theguardiancom.csv,65,Venice,https://www.theguardian.com/weather/venice,"{'name': 'The Guardian', 'icon': 'https://encrypted-tbn0.gstatic.com/faviconV2?url=https://www.theguardian.com&client=NEWS_360&size=96&type=FAVICON&fallback_opts=TYPE,SIZE,URL'}","05/26/2016, 10:37 PM, +0000 UTC",,https://i.guim.co.uk/img/media/79714322f67688bf5567720f1b26e6ecf9c1e3d9/0_96_3072_1843/master/3072.jpg?width=465&dpr=1&s=none&crop=5%3A4,,Nature & environment
Venice_aljazeeracom.csv,9,Protesters flood Venice’s streets during Amazon founder Bezos’s wedding,https://www.aljazeera.com/news/2025/6/28/protesters-flood-venices-streets-during-amazon-founder-bezoss-wedding,"{'name': 'Al Jazeera', 'icon': 'https://encrypted-tbn0.gstatic.com/faviconV2?url=https://www.aljazeera.com&client=NEWS_360&size=96&type=FAVICON&fallback_opts=TYPE,SIZE,URL'}","06/28/2025, 07:00 AM, +0000 UTC",,https://www.aljazeera.com/wp-content/uploads/2025/06/AP25179590136753-1751143307.jpg?resize=1920%2C1440,,"Public space life, Nature & environment"
Venice_aljazeeracom.csv,36,Cold weather blasts much of Europe,https://www.aljazeera.com/gallery/2013/2/14/cold-weather-blasts-much-of-europe,"{'name': 'Al Jazeera', 'icon': 'https://encrypted-tbn0.gstatic.com/faviconV2?url=https://www.aljazeera.com&client=NEWS_360&size=96&type=FAVICON&fallback_opts=TYPE,SIZE,URL'}","02/14/2013, 08:00 AM, +0000 UTC",,https://www.aljazeera.com/wp-content/uploads/2013/02/20132145265648547_8.jpeg?resize=1200%2C675,,Nature & environment
Venice_aljazeeracom.csv,52,In pictures: November’s extreme weather,https://www.aljazeera.com/gallery/2019/11/30/in-pictures-novembers-extreme-weather-11,"{'name': 'Al Jazeera', 'icon': 'https://encrypted-tbn0.gstatic.com/faviconV2?url=https://www.aljazeera.com&client=NEWS_360&size=96&type=FAVICON&fallback_opts=TYPE,SIZE,URL'}","11/30/2019, 08:00 AM, +0000 UTC",,https://www.aljazeera.com/wp-content/uploads/2019/11/5b4c39d8c3454aef902aa6f2fa2bf808_8.jpeg?resize=1200%2C630,,Nature & environment
Venice_aljazeeracom.csv,60,Venice Film Festival: L’Evenement wins Golden Lion,https://www.aljazeera.com/news/2021/9/11/french-film-on-illegal-abortion-wins-top-prize-at-venice-festiva,"{'name': 'Al Jazeera', 'icon': 'https://encrypted-tbn0.gstatic.com/faviconV2?url=https://www.aljazeera.com&client=NEWS_360&size=96&type=FAVICON&fallback_opts=TYPE,SIZE,URL'}","09/11/2021, 07:00 AM, +0000 UTC",,https://www.aljazeera.com/wp-content/uploads/2021/09/000_9MN43E.jpg?resize=1920%2C1440,,"Nature & environment, Events"
Venice_dwcom.csv,46,Italy: Several dead after extreme weather,https://www.dw.com/en/italy-several-dead-after-extreme-winds-heavy-rain-tornados/a-46082453,"{'name': 'DW', 'icon': 'https://encrypted-tbn1.gstatic.com/faviconV2?url=https://www.dw.com&client=NEWS_360&size=96&type=FAVICON&fallback_opts=TYPE,SIZE,URL'}","10/30/2018, 07:00 AM, +0000 UTC",,https://static.dw.com/image/46082163_804.jpg,,Nature & environment
Venice_dwcom.csv,55,Europe: Blasts at two chemical plants,https://www.dw.com/en/europe-chemical-plants-rocked-in-explosions/a-53456770,"{'name': 'DW', 'icon': 'https://encrypted-tbn1.gstatic.com/faviconV2?url=https://www.dw.com&client=NEWS_360&size=96&type=FAVICON&fallback_opts=TYPE,SIZE,URL'}","05/15/2020, 07:00 AM, +0000 UTC",,https://static.dw.com/image/53454161_804.jpg,,Nature & environment
Venice_dwcom.csv,56,Protesters crash Venice film fest's red carpet,https://www.dw.com/en/climate-protesters-crash-red-carpet-at-venice-film-biennale/a-50339349,"{'name': 'DW', 'icon': 'https://encrypted-tbn1.gstatic.com/faviconV2?url=https://www.dw.com&client=NEWS_360&size=96&type=FAVICON&fallback_opts=TYPE,SIZE,URL'}","09/07/2019, 07:00 AM, +0000 UTC",,https://static.dw.com/image/50338132_804.jpg,,Nature & environment
Venice_dwcom.csv,70,Ratti's Biennale: Architects respond to a changing climate,https://www.dw.com/en/rattis-biennale-architects-respond-to-a-changing-climate/video-72988415,"{'name': 'DW', 'icon': 'https://encrypted-tbn1.gstatic.com/faviconV2?url=https://www.dw.com&client=NEWS_360&size=96&type=FAVICON&fallback_opts=TYPE,SIZE,URL'}","06/23/2025, 07:00 AM, +0000 UTC",,https://static.dw.com/image/72974874_604.jpeg,,"Nature & environment, Architecture"
Venice_dwcom.csv,74,Are cruise ships climate killers?,https://www.dw.com/en/are-cruise-ships-climate-killers/a-49275044,"{'name': 'DW', 'icon': 'https://encrypted-tbn1.gstatic.com/faviconV2?url=https://www.dw.com&client=NEWS_360&size=96&type=FAVICON&fallback_opts=TYPE,SIZE,URL', 'authors': ['Felix Schlagwein']}","06/21/2019, 07:00 AM, +0000 UTC",,https://static.dw.com/image/49145723_804.jpg,,Nature & environment
Venice_dwcom.csv,79,Venice Architecture Biennale shaped by 'changing climate',https://www.dw.com/en/venice-architecture-biennale-shaped-by-changing-climate/video-72496911,"{'name': 'DW', 'icon': 'https://encrypted-tbn1.gstatic.com/faviconV2?url=https://www.dw.com&client=NEWS_360&size=96&type=FAVICON&fallback_opts=TYPE,SIZE,URL'}","05/09/2025, 07:00 AM, +0000 UTC",,https://static.dw.com/image/72448481_804.jpg,,"Nature & environment, Architecture"
Venice_cnncom.csv,2,"Volcanic eruption led to the Black Death, new research suggests",https://www.cnn.com/2025/12/04/science/black-death-volcanic-eruption-tree-rings,"{'name': 'CNN', 'icon': 'https://encrypted-tbn2.gstatic.com/faviconV2?url=https://www.cnn.com&client=NEWS_360&size=96&type=FAVICON&fallback_opts=TYPE,SIZE,URL', 'authors': ['Jacopo Prisco']}","12/04/2025, 04:46 PM, +0000 UTC",,"https://media.cnn.com/api/v1/images/stellar/prod/gettyimages-929335594.jpg?c=original&q=w_1041,c_fill",,"Nature & environment, Architecture"
Venice_cnncom.csv,15,Italian council is flooded immediately after rejecting measures on climate change,https://www.cnn.com/2019/11/14/europe/veneto-council-climate-change-floods-trnd-intl-scli,"{'name': 'CNN', 'icon': 'https://encrypted-tbn2.gstatic.com/faviconV2?url=https://www.cnn.com&client=NEWS_360&size=96&type=FAVICON&fallback_opts=TYPE,SIZE,URL', 'authors': ['Gianluca Mezzofiore']}","11/14/2019, 08:00 AM, +0000 UTC",,"https://media.cnn.com/api/v1/images/stellar/prod/191113110515-05-venice-flooding-1112.jpg?q=x_3,y_207,h_1684,w_2993,c_crop/w_1280",,Nature & environment
Venice_cnncom.csv,28,Venice canals run dry amid fears Italy faces another drought,https://www.cnn.com/travel/article/venice-canal-drought-italy-climate-scli-intl,"{'name': 'CNN', 'icon': 'https://encrypted-tbn2.gstatic.com/faviconV2?url=https://www.cnn.com&client=NEWS_360&size=96&type=FAVICON&fallback_opts=TYPE,SIZE,URL'}","02/21/2023, 08:00 AM, +0000 UTC",,"https://media.cnn.com/api/v1/images/stellar/prod/230221094230-01-venice-low-tide-021623-restricted.jpg?c=16x9&q=h_833,w_1480,c_fill",,"Culture & heritage, Tourism, Water & mobility, Nature & environment"
Venice_cnncom.csv,35,Nine dead and Venice flooded as extreme weather hits Italy,https://www.cnn.com/2018/10/30/europe/venice-flooding-intl,"{'name': 'CNN', 'icon': 'https://encrypted-tbn2.gstatic.com/faviconV2?url=https://www.cnn.com&client=NEWS_360&size=96&type=FAVICON&fallback_opts=TYPE,SIZE,URL'}","10/30/2018, 07:00 AM, +0000 UTC",,"https://media.cnn.com/api/v1/images/stellar/prod/181029221107-03-venice-flooding-1029.jpg?q=w_1110,c_fill",,Nature & environment
Venice_cnncom.csv,99,"Racism, activism and climate crisis are on the agenda at the Venice Architecture Biennale",https://www.cnn.com/2023/05/30/style/venice-architectural-biennale-africa,"{'name': 'CNN', 'icon': 'https://encrypted-tbn2.gstatic.com/faviconV2?url=https://www.cnn.com&client=NEWS_360&size=96&type=FAVICON&fallback_opts=TYPE,SIZE,URL', 'authors': ['Marianna Cerini']}","05/30/2023, 07:00 AM, +0000 UTC",,"https://media.cnn.com/api/v1/images/stellar/prod/230530105627-adjaye-international-architecture-exhibition-file-051823.jpg?q=w_1110,c_fill",,"Nature & environment, Architecture"
Venice_nytimescom.csv,36,Venice and Cruise Ships: A Delicate Balance (Published 2021),https://www.nytimes.com/2021/07/08/travel/venice-cruise-ships-environment.html,"{'name': 'The New York Times', 'icon': 'https://encrypted-tbn2.gstatic.com/faviconV2?url=https://www.nytimes.com&client=NEWS_360&size=96&type=FAVICON&fallback_opts=TYPE,SIZE,URL', 'authors': ['Anna Momigliano']}","10/04/2021, 07:00 AM, +0000 UTC",,https://static01.nyt.com/images/2021/07/08/travel/08venice-cruise1/08venice-cruise1-articleLarge.jpg?quality=75&auto=webp&disable=upscale,,"Tourism, Nature & environment"
Venice_nytimescom.csv,57,Venice Flooding Is Worst in a Decade; Severe Weather in Italy Kills at Least 11 (Published 2018),https://www.nytimes.com/2018/10/30/world/europe/venice-floods-italy.html,"{'name': 'The New York Times', 'icon': 'https://encrypted-tbn2.gstatic.com/faviconV2?url=https://www.nytimes.com&client=NEWS_360&size=96&type=FAVICON&fallback_opts=TYPE,SIZE,URL', 'authors': ['Elisabetta Povoledo']}","10/30/2018, 07:00 AM, +0000 UTC",,https://static01.nyt.com/images/2018/11/02/world/02venice1-print/merlin_146178483_8df116a7-03b9-4c24-a878-903a429f0782-superJumbo.jpg,,Nature & environment
Venice_nytimescom.csv,64,"STRAVINSKY OPERA IN WORLD PREMIERE; Composer Conducts Work, 'The Rake's Progress,' in Venice --Rounseville Takes Lead A Modern Man Speaking Composer in the Pit (Published 1951)",https://www.nytimes.com/1951/09/12/archives/stravinsky-opera-in-world-premiere-composer-conducts-work-the-rakes.html,"{'name': 'The New York Times', 'icon': 'https://encrypted-tbn2.gstatic.com/faviconV2?url=https://www.nytimes.com&client=NEWS_360&size=96&type=FAVICON&fallback_opts=TYPE,SIZE,URL', 'authors': ['Howard Taubman']}","06/21/2018, 04:36 PM, +0000 UTC",,https://s1.nyt.com/timesmachine/pages/1/1951/09/12/84864939_360W.png?quality=75&auto=webp&disable=upscale,,"Nature & environment, Architecture"
Venice_nytimescom.csv,69,"Murano, Italy, Still Sparkling After 700 Years (Published 2014)",https://www.nytimes.com/2014/10/19/travel/murano-italy-still-sparkling-after-700-years-.html,"{'name': 'The New York Times', 'icon': 'https://encrypted-tbn2.gstatic.com/faviconV2?url=https://www.nytimes.com&client=NEWS_360&size=96&type=FAVICON&fallback_opts=TYPE,SIZE,URL', 'authors': ['Andrew Ferren']}","10/17/2014, 07:00 AM, +0000 UTC",,https://static01.nyt.com/images/2014/10/19/travel/20141019-MURANO-slide-V0WN/20141019-MURANO-slide-V0WN-superJumbo.jpg,,"Tourism, Nature & environment"
Venice_nytimescom.csv,81,"Inside a 17th-Century Italian Palace, an Untouched Sanctuary (Published 2022)",https://www.nytimes.com/2022/09/27/t-magazine/venice-palazzo-gradenigo-skye-mcalpine.html,"{'name': 'The New York Times', 'icon': 'https://encrypted-tbn2.gstatic.com/faviconV2?url=https://www.nytimes.com&client=NEWS_360&size=96&type=FAVICON&fallback_opts=TYPE,SIZE,URL', 'authors': ['Diego Mayon', 'Gisela Williams']}","09/27/2022, 07:00 AM, +0000 UTC",,https://static01.nyt.com/images/2022/09/27/t-magazine/27tmag-mcalpine-slide-25BK/27tmag-mcalpine-slide-25BK-articleLarge.jpg?quality=75&auto=webp&disable=upscale,,Nature & environment
Venice_ftcom.csv,3,Zelenskyy tours allied capitals as European-led peace plan comes together,https://www.ft.com/content/5716c44e-1db8-4b84-b26e-f6a291b17c96,"{'name': 'Financial Times', 'icon': 'https://encrypted-tbn2.gstatic.com/faviconV2?url=https://www.ft.com&client=NEWS_360&size=96&type=FAVICON&fallback_opts=TYPE,SIZE,URL', 'authors': ['Henry Foy', 'Amy Kazmin', 'Laura Dubois']}","12/09/2025, 06:00 AM, +0000 UTC",,https://images.ft.com/v3/image/raw/https%3A%2F%2Fd1e00ek4ebabms.cloudfront.net%2Fproduction%2F4a9c7679-d3f2-4080-bed1-9faca84e961c.jpg?source=next-article&fit=scale-down&quality=highest&width=700&dpr=1,,"Tourism, Nature & environment, Architecture"
Venice_ftcom.csv,7,The garden in Venice that is an outdoor design studio,https://propertylistings.ft.com/propertynews/italy/7535-the-garden-in-venice-that-is-an-outdoor-design-studio.html,"{'name': 'Financial Times', 'icon': 'https://encrypted-tbn0.gstatic.com/faviconV2?url=https://propertylistings.ft.com&client=NEWS_360&size=96&type=FAVICON&fallback_opts=TYPE,SIZE,URL', 'authors': ['Thea Hawlin']}","11/10/2025, 08:00 AM, +0000 UTC",,https://aihkcdnstoragep01.blob.core.windows.net/pgl-release/Images/ArticleImages/26/26320.jpg,,Nature & environment
Venice_ftcom.csv,12,The mysterious Venetian garden that once inspired writers and artists from across the world,https://propertylistings.ft.com/propertynews/italy/6958-the-mysterious-venetian-garden-that-once-inspired-writers-and-artists-from-across-the-world.html,"{'name': 'Financial Times', 'icon': 'https://encrypted-tbn0.gstatic.com/faviconV2?url=https://propertylistings.ft.com&client=NEWS_360&size=96&type=FAVICON&fallback_opts=TYPE,SIZE,URL', 'authors': ['Thea Hawlin']}","08/23/2022, 07:00 AM, +0000 UTC",,https://aihkcdnstoragep01.blob.core.windows.net/pgl-release/Images/ArticleImages/23/23928.jpg,,"Culture & heritage, Nature & environment"
Venice_ftcom.csv,17,"The Island of Crevan, in the Venice lagoon, is for sale with its idillic gardens and renov, Venice, Veneto, Italy For Sale",https://propertylistings.ft.com/homes/5324396/venice-property-for-sale/the-island-of-crevan-in-the-venice-lagoon-is-for-sale-with-its-idillic-gardens-and-renov,"{'name': 'Financial Times', 'icon': 'https://encrypted-tbn0.gstatic.com/faviconV2?url=https://propertylistings.ft.com&client=NEWS_360&size=96&type=FAVICON&fallback_opts=TYPE,SIZE,URL'}","05/06/2025, 03:09 PM, +0000 UTC",,https://aihkcdnstoragep01.blob.core.windows.net/pgl-release/Images/LuxuryImages/5324396/IMG_662.jpg,,"Water & mobility, Nature & environment"
Venice_ftcom.csv,83,Venice Architecture Biennale’s Carlo Ratti: ‘People talk about mitigating climate change harm but it’s too late’,https://www.ft.com/content/3b805787-66dd-4ffc-965e-ec5a282398ac,"{'name': 'Financial Times', 'icon': 'https://encrypted-tbn2.gstatic.com/faviconV2?url=https://www.ft.com&client=NEWS_360&size=96&type=FAVICON&fallback_opts=TYPE,SIZE,URL', 'authors': ['Caroline Roux']}","04/22/2025, 07:00 AM, +0000 UTC",,https://images.ft.com/v3/image/raw/ftcms%3A72104591-8ec7-40da-9620-4edc782ac158?source=next-article&fit=scale-down&quality=highest&width=1394&dpr=1,,"Public space life, Nature & environment, Architecture"
Venice_ftcom.csv,98,Three Italian gardens that reflect their founders’ goodwill,https://www.ft.com/content/7029ed40-a936-11e3-9b71-00144feab7de,"{'name': 'Financial Times', 'icon': 'https://encrypted-tbn2.gstatic.com/faviconV2?url=https://www.ft.com&client=NEWS_360&size=96&type=FAVICON&fallback_opts=TYPE,SIZE,URL', 'authors': ['Jenny Condie']}","03/21/2014, 07:00 AM, +0000 UTC",,https://images.ft.com/v3/image/raw/http%3A%2F%2Fcom.ft.imagepublish.upp-prod-eu.s3.amazonaws.com%2F0fce14b6-afd1-11e3-9cd1-00144feab7de?source=next-article&fit=scale-down&quality=highest&width=700&dpr=1,,Nature & environment
